league,season,when,player,from,to,price,price_num,sofifa_id,no sofifa,position,matches_played,starts,minutes_played,overall_rating,points_in_saeson,points_last_season,points_diff,rate_diff,rank_before
English Premier League,2016-17,7/22/16,Alex Manninger,Augsburg,Liverpool,Free,,6895,,GK,0,0,0,72,76,60,16,1.266666667,8
English Premier League,2016-17,7/1/16,Zlatan Ibrahimovic,PSG,Manchester United,Free,,41236,,FW,28,27,"2,438",89,69,66,3,1.045454545,5
English League,2015-16,6/29/15,Petr Cech,Chelsea,Arsenal,14million,"14,000,000",48940,,GK,34,34,"3,060",85,71,75,-4,0.946666667,3
English Premier League,2017-18,7/19/17,Eldin Jakupovic,Hull City,Leicester City,undisclosed,,52326,,GK,2,2,180,68,47,44,3,1.068181818,12
English League,2015-16,1/26/16,Emmanuel Adebayor,Tottenham,Crystal Palace,Free,,53050,,FW,12,7,619,80,42,48,-6,0.875,10
English League,2018-19,7/3/18,Lee Grant,Stoke City,Manchester United,undisclosed,,53739,,GK,0,0,0,73,66,81,-15,0.814814815,2
English Premier League,2017-18,7/9/17,Wayne Rooney,Manchester United,Everton,undisclosed,,54050,,"MF,FW",31,27,"2,268",84,49,61,-12,0.803278689,7
English League,2018-19,6/5/18,Stephan Lichtsteiner,Juventus,Arsenal,Free,,108080,,DF,14,10,940,82,70,63,7,1.111111111,6
La Liga,2017-18,2/28/18,Miguel Angel Moya,Atletico Madrid,Real Sociedad,Free,,110677,,GK,9,9,763,81,49,64,-15,0.765625,6
La Liga,2015-16,7/31/15,Asier Riesgo,Osasuna,Eibar,Free,,110974,,GK,34,34,"3,060",71,43,35,8,1.228571429,18
La Liga,2016-17,6/29/16,Jose Antonio Reyes,Sevilla,Espanyol,Free,,111093,,"MF,FW",21,10,867,79,56,43,13,1.302325581,13
English League,2015-16,7/13/15,Bastian Schweinsteiger,Bayern,Manchester United,9million,"9,000,000",121944,,MF,18,13,"1,202",88,66,70,-4,0.942857143,4
La Liga,2016-17,8/11/16,Martin Demichelis,Manchester City,Espanyol,Free,,134979,,DF,2,1,100,81,56,43,13,1.302325581,13
English League,2015-16,10/8/15,Marco Amelia,AC Milan,Chelsea,Free,,137160,,GK,0,0,0,70,50,87,-37,0.574712644,1
English League,2015-16,6/24/15,Robert Huth,Stoke,Leicester City,undisclosed,,137785,,DF,35,35,"3,150",76,81,41,40,1.975609756,14
English League,2015-16,6/9/15,James Milner,Manchester City,Liverpool,Free,,138412,,"MF,FW",28,28,"2,409",78,60,62,-2,0.967741935,6
La Liga,2016-17,6/22/16,Tono,AEK Larnaca,Real Sociedad,Free,,138507,,GK,0,0,0,75,64,48,16,1.333333333,9
English Premier League,2017-18,7/1/17,Willy Caballero,Manchester City,Chelsea,Free,,139062,,GK,3,3,270,78,70,93,-23,0.752688172,1
La Liga,2016-17,7/6/16,Luis Nani,Fenerbahce,Valencia,8.5million,"8,500,000",139068,,"MF,FW",25,22,"1,860",82,46,44,2,1.045454545,12
English League,2015-16,6/9/15,Christian Fuchs,Schalke,Leicester City,Free,,139313,,DF,32,30,"2,711",73,81,41,40,1.975609756,14
English Premier League,2016-17,7/20/16,Ragnar Klavan,Augsburg,Liverpool,5million,"5,000,000",140620,,DF,20,15,"1,410",77,76,60,16,1.266666667,8
La Liga,2015-16,7/10/15,Mariano Barbosa,Sevilla,Villarreal,Free,,142959,,GK,2,2,180,74,64,60,4,1.066666667,6
La Liga,2015-16,7/10/15,Arda Turan,Atletico Madrid,FC Barcelona,35million,"35,000,000",143745,,MF,18,9,816,84,91,94,-3,0.968085106,1
La Liga,2017-18,7/2/17,Andres Fernandez,FC Porto,Villarreal,2million,"2,000,000",146296,,GK,3,3,225,76,61,67,-6,0.910447761,5
La Liga,2015-16,9/6/15,Alvaro Negredo,Manchester City,Valencia,30million,"30,000,000",146439,,FW,25,12,"1,163",83,44,77,-33,0.571428571,4
La Liga,2016-17,8/15/16,Javi Fuego,Valencia,Espanyol,3million,"3,000,000",146460,,DF,19,17,"1,519",80,56,43,13,1.302325581,13
La Liga,2017-18,1/30/18,Javi Fuego,Espanyol,Villarreal,1.5million,"1,500,000",146460,,MF,11,6,541,79,61,67,-6,0.910447761,5
La Liga,2017-18,8/1/17,Jesus Navas,Manchester City,Sevilla,Free,,146536,,"FW,DF",26,20,"1,765",80,58,72,-14,0.805555556,4
La Liga,2015-16,7/22/15,Ivan Ramis,Levante,Eibar,Free,,146701,,DF,23,21,"1,790",71,43,35,8,1.228571429,18
La Liga,2017-18,7/2/17,Diego Lopez,AC Milan,Espanyol,undisclosed,,146748,,GK,11,11,942,82,49,56,-7,0.875,8
La Liga,2015-16,8/15/15,Roberto Soldado,Tottenham,Villarreal,13.7million,"13,700,000",146758,,FW,28,27,"2,234",81,64,60,4,1.066666667,6
English League,2015-16,9/1/15,Aaron Lennon,Tottenham,Everton,undisclosed,,152747,,"MF,FW",25,17,"1,538",79,47,47,0,1,11
La Liga,2015-16,2/1/16,Jon Ansotegi,Real Sociedad,Eibar,Free,,155972,,DF,8,6,544,74,43,35,8,1.228571429,18
English Premier League,2016-17,9/8/16,Mathieu Flamini,Arsenal,Crystal Palace,Free,,156722,,MF,10,3,274,76,41,42,-1,0.976190476,15
English League,2015-16,8/19/15,Gokhan Inler,Napoli,Leicester City,5million,"5,000,000",158810,,MF,5,3,194,79,81,41,40,1.975609756,14
La Liga,2016-17,7/5/16,Jose Manuel Jurado,Watford,Espanyol,undisclosed,,159171,,MF,31,27,"2,454",75,56,43,13,1.302325581,13
La Liga,2015-16,6/10/15,Michael Krohn-Dehli,Celta Vigo,Sevilla,Free,,159240,,MF,27,16,"1,673",75,52,76,-24,0.684210526,5
La Liga,2015-16,8/27/15,Fernando Llorente,Juventus,Sevilla,Free,,162131,,FW,23,14,"1,155",81,52,76,-24,0.684210526,5
English Premier League,2017-18,8/31/17,Fernando Llorente,Swansea,Tottenham Hotspur,15million,"15,000,000",162131,,"FW,DF",16,1,238,79,77,86,-9,0.895348837,2
English Premier League,2016-17,7/1/16,Steve Mandanda,Marseille,Crystal Palace,Free,,163705,,GK,9,9,810,83,41,42,-1,0.976190476,15
English Premier League,2016-17,8/10/16,Ashley Williams,Swansea,Everton,14million,"14,000,000",163824,,DF,36,35,"3,160",81,61,47,14,1.29787234,11
English Premier League,2016-17,8/26/16,Eduardo,Dinamo Zagreb,Chelsea,undisclosed,,163873,,GK,0,0,0,75,93,50,43,1.86,10
La Liga,2017-18,7/5/17,Charles,Malaga,Eibar,Free,,164029,,FW,30,18,"1,578",78,51,54,-3,0.944444444,10
La Liga,2015-16,7/28/15,Filipe Luis,Chelsea,Atletico Madrid,21.2million,"21,200,000",164169,,DF,32,32,"2,834",82,88,78,10,1.128205128,3
English Premier League,2017-18,1/17/18,Theo Walcott,Arsenal,Everton,22.5million,"22,500,000",164859,,"FW,MF",14,13,"1,152",81,49,61,-12,0.803278689,7
La Liga,2016-17,7/13/16,Bebe,Benfica,Eibar,1.5million,"1,500,000",166074,,"MF,FW",20,8,696,72,54,43,11,1.255813953,14
English League,2015-16,7/10/15,Yohan Cabaye,PSG,Crystal Palace,14million,"14,000,000",167943,,MF,33,32,"2,689",81,42,48,-6,0.875,10
English League,2018-19,6/8/18,Jonny Evans,West Brom,Leicester City,4million,"4,000,000",169588,,DF,24,21,"1,995",79,52,47,5,1.106382979,9
La Liga,2016-17,8/31/16,Ezequiel Garay,Zenit,Valencia,undisclosed,,170481,,DF,27,27,"2,337",83,46,44,2,1.045454545,12
La Liga,2015-16,8/31/15,Raul Garcia,Atletico Madrid,Athletic Bilbao,undisclosed,,171579,,MF,30,27,"2,364",79,62,55,7,1.127272727,7
La Liga,2015-16,7/1/15,Gorka Elustondo,Real Sociedad,Athletic Bilbao,Free,,172285,,"MF,DF",11,4,478,74,62,55,7,1.127272727,7
La Liga,2015-16,6/23/15,Daniel Wass,Evian,Celta Vigo,2.7million,"2,700,000",172522,,MF,36,31,"2,681",75,60,51,9,1.176470588,8
La Liga,2018-19,7/10/18,Daniel Wass,Celta Vigo,Valencia,5.4million,"5,400,000",172522,,"DF,MF",32,26,"2,356",80,61,73,-12,0.835616438,4
English League,2015-16,7/13/15,Asmir Begovic,Stoke,Chelsea,11.25million,"11,250,000",172723,,GK,17,15,"1,399",82,50,87,-37,0.574712644,1
English League,2018-19,7/2/18,Sokratis,Bor. Dortmund,Arsenal,14.4million,"14,400,000",172879,,DF,25,25,"2,199",86,70,63,7,1.111111111,6
English League,2015-16,7/27/15,Sergio Romero,Sampdoria,Manchester United,Free,,173373,,GK,4,4,360,73,66,70,-4,0.942857143,4
La Liga,2017-18,1/31/18,Hector Moreno,AS Roma,Real Sociedad,6million,"6,000,000",173432,,DF,8,8,720,80,49,64,-15,0.765625,6
English Premier League,2016-17,7/6/16,James Tomkins,West Ham,Crystal Palace,12million,"12,000,000",173546,,DF,24,23,"1,974",73,41,42,-1,0.976190476,15
English Premier League,2016-17,8/25/16,Claudio Bravo,Barcelona,Manchester City,18million,"18,000,000",174543,,GK,22,22,"1,968",83,78,66,12,1.181818182,4
La Liga,2016-17,7/6/16,Pedro Leon,Getafe,Eibar,Free,,175379,,MF,37,34,"2,997",78,54,43,11,1.255813953,14
La Liga,2016-17,7/31/16,Kevin Gameiro,Sevilla,Atletico Madrid,34million,"34,000,000",176600,,FW,30,21,"1,670",79,78,88,-10,0.886363636,3
La Liga,2018-19,8/13/18,Kevin Gameiro,Atletico Madrid,Valencia,Undisclosed,,176600,,FW,33,16,"1,605",83,61,73,-12,0.835616438,4
La Liga,2015-16,1/1/16,Augusto Fernandez,Celta,Atletico Madrid,6.5million,"6,500,000",176915,,MF,13,11,849,77,88,78,10,1.128205128,3
La Liga,2015-16,1/15/16,Marcelo Diaz,Hamburger,Celta Vigo,undisclosed,,176930,,MF,14,10,987,73,60,51,9,1.176470588,8
English League,2015-16,7/13/15,Morgan Schneiderlin,Southampton,Manchester United,35million,"35,000,000",177358,,MF,29,25,"2,205",80,66,70,-4,0.942857143,4
English Premier League,2016-17,1/12/17,Morgan Schneiderlin,Manchester United,Everton,22.9million,"22,900,000",177358,,MF,14,12,"1,059",82,61,47,14,1.29787234,11
La Liga,2015-16,7/18/15,Kiko Casilla,Espanyol,Real Madrid,6million,"6,000,000",177644,,GK,4,4,360,80,90,92,-2,0.97826087,2
La Liga,2017-18,7/7/17,Esteban Granero,Real Sociedad,Espanyol,Free,,178085,,"MF,FW",25,11,"1,237",76,49,56,-7,0.875,8
La Liga,2018-19,7/10/18,Antonio Adan,Real Betis,Atletico Madrid,undisclosed,,178086,,GK,2,1,90,81,76,79,-3,0.962025316,2
La Liga,2015-16,8/31/15,Pape Diop,Levante,Espanyol,undisclosed,,178250,,MF,30,29,"2,478",76,43,49,-6,0.87755102,10
La Liga,2017-18,1/1/18,Pape Diop,Espanyol,Eibar,Free,,178250,,MF,15,12,937,78,51,54,-3,0.944444444,10
La Liga,2018-19,7/11/18,Miguel Layun,Porto,Villarreal,4million,"4,000,000",178322,,"MF,DF",8,5,505,78,44,61,-17,0.721311475,5
English Premier League,2017-18,1/31/18,Olivier Giroud,Arsenal,Chelsea,17million,"17,000,000",178509,,FW,13,6,613,83,70,93,-23,0.752688172,1
La Liga,2017-18,7/2/17,Ever Banega,Inter Milan,Sevilla,9million,"9,000,000",178562,,MF,31,25,"2,399",84,58,72,-14,0.805555556,4
English League,2015-16,8/5/15,Bakary Sako,Wolverhampton,Crystal Palace,Free,,179613,,"MF,FW",20,11,"1,069",74,42,48,-6,0.875,10
English League,2018-19,1/27/19,Bakary Sako,West Brom,Crystal Palace,Free,,179613,,"FW,MF",4,0,25,72,49,44,5,1.113636364,11
La Liga,2017-18,8/1/17,Simon Kjaer,Fenerbahce,Sevilla,undisclosed,,179645,,DF,20,18,"1,571",82,58,72,-14,0.805555556,4
English Premier League,2016-17,8/31/16,David Luiz,PSG,Chelsea,40million,"40,000,000",179944,,DF,33,33,"2,954",83,93,50,43,1.86,10
La Liga,2016-17,7/27/16,Alexandre Pato,Corinthians,Villarreal,3million,"3,000,000",180175,,FW,14,11,870,80,67,64,3,1.046875,4
English Premier League,2016-17,7/22/16,Georginio Wijnaldum,Newcastle,Liverpool,30million,"30,000,000",181291,,MF,36,33,"2,972",80,76,60,16,1.266666667,8
La Liga,2018-19,8/3/18,Arturo Vidal,Bayern Munich,FC Barcelona,22million,"22,000,000",181872,,MF,33,22,"1,929",87,87,93,-6,0.935483871,1
English Premier League,2016-17,2/17/17,Martin Caceres,Juventus,Southampton,Free,,182495,,DF,1,1,90,81,46,63,-17,0.73015873,6
English League,2018-19,8/9/18,Carlos Sanchez,Fiorentina,West Ham United,undisclosed,,182882,,MF,7,2,240,77,52,42,10,1.238095238,13
La Liga,2015-16,1/17/16,Claudio Beauvue,Lyon,Celta Vigo,5million,"5,000,000",183068,,"MF,FW",10,6,509,70,60,51,9,1.176470588,8
La Liga,2015-16,7/1/15,Adil Rami,AC Milan,Sevilla,4.2million,"4,200,000",183280,,DF,28,28,"2,424",78,52,76,-24,0.684210526,5
English Premier League,2017-18,8/31/17,Mamadou Sakho,Liverpool,Crystal Palace,29million,"29,000,000",183285,,DF,19,18,"1,600",82,44,41,3,1.073170732,14
English League,2015-16,8/3/15,Yohan Benalouane,Atalanta,Leicester City,undisclosed,,183288,,DF,4,0,68,71,81,41,40,1.975609756,14
English Premier League,2016-17,8/31/16,Moussa Sissoko,Newcastle,Tottenham Hotspur,35million,"35,000,000",183394,,"MF,FW",25,8,911,78,86,70,16,1.228571429,3
English League,2015-16,7/18/15,Fabian Delph,Aston Villa,Manchester City,11.5million,"11,500,000",183427,,MF,17,8,753,75,66,79,-13,0.835443038,2
La Liga,2018-19,7/2/18,Yuri Berchiche,PSG,Athletic Bilbao,20million,"20,000,000",183512,,"DF,FW",35,35,"3,121",77,53,43,10,1.23255814,16
La Liga,2016-17,6/23/16,Roberto,Olympiacos,Espanyol,3million,"3,000,000",183666,,GK,4,3,310,80,56,43,13,1.302325581,13
La Liga,2016-17,8/5/16,Gabriel Mercado,River Plate,Sevilla,2.2million,"2,200,000",183892,,DF,29,26,"2,186",73,72,52,20,1.384615385,7
La Liga,2017-18,7/2/17,Pablo Piatti,Valencia,Espanyol,1.3million,"1,300,000",183899,,"MF,FW",30,22,"1,733",78,49,56,-7,0.875,8
English Premier League,2016-17,8/2/16,Jeremy Pied,Nice,Southampton,undisclosed,,183916,,DF,4,1,129,72,46,63,-17,0.73015873,6
La Liga,2016-17,7/13/16,Facundo Roncaglia,Fiorentina,Celta Vigo,Free,,183966,,DF,32,30,"2,719",75,45,60,-15,0.75,6
English League,2015-16,7/8/15,Toby Alderweireld,Atletico Madrid,Tottenham Hotspur,15million,"15,000,000",184087,,DF,38,38,"3,419",78,70,64,6,1.09375,5
English League,2015-16,7/22/15,Christian Benteke,Aston Villa,Liverpool,46.5million,"46,500,000",184111,,FW,29,14,"1,529",80,60,62,-2,0.967741935,6
English Premier League,2016-17,8/20/16,Christian Benteke,Liverpool,Crystal Palace,31million,"31,000,000",184111,,FW,36,36,"3,131",82,41,42,-1,0.976190476,15
La Liga,2016-17,6/17/16,Nicolas Gaitan,Benfica,Atletico Madrid,15.5million,"15,500,000",184144,,MF,23,11,"1,032",83,78,88,-10,0.886363636,3
English League,2015-16,7/11/15,Matteo Darmian,Torino,Manchester United,18million,"18,000,000",184392,,DF,28,24,"1,924",74,66,70,-4,0.942857143,4
English Premier League,2017-18,8/16/17,Gylfi Sigurdsson,Swansea,Everton,50million,"50,000,000",184484,,"MF,FW",27,25,"2,259",82,49,61,-12,0.803278689,7
English League,2015-16,6/12/15,Adam Bogdan,Bolton,Liverpool,Free,,184585,,GK,2,2,180,70,60,62,-2,0.967741935,6
English Premier League,2017-18,1/22/18,Alexis Sanchez,Arsenal,Manchester United,undisclosed,,184941,,"FW,MF",12,12,"1,043",87,81,69,12,1.173913043,6
La Liga,2015-16,7/19/15,Mariano Ferreira,Bordeaux,Sevilla,3million,"3,000,000",184949,,DF,23,18,"1,697",74,52,76,-24,0.684210526,5
La Liga,2017-18,7/2/17,Yoel Rodriguez,Valencia,Eibar,"750,000","750,000",185181,,GK,1,1,90,72,51,54,-3,0.944444444,10
La Liga,2018-19,8/8/18,Nikola Kalinic,AC Milan,Atletico Madrid,15million,"15,000,000",185431,,FW,17,7,638,81,76,79,-3,0.962025316,2
English Premier League,2017-18,8/31/17,Danny Drinkwater,Leicester City,Chelsea,38million,"38,000,000",186132,,MF,12,5,527,80,70,93,-23,0.752688172,1
English Premier League,2016-17,6/9/16,Ron-Robert Zieler,Hannover,Leicester City,3.5million,"3,500,000",186148,,GK,9,8,754,80,44,81,-37,0.543209877,1
English Premier League,2016-17,1/30/17,Patrick van Aanholt,Sunderland,Crystal Palace,11.8million,"11,800,000",186190,,"DF,MF",11,8,714,74,41,42,-1,0.976190476,15
La Liga,2015-16,6/19/15,Gael Kakuta,Chelsea,Sevilla,4.5million,"4,500,000",186197,,MF,2,1,47,74,52,76,-24,0.684210526,5
English League,2015-16,6/20/15,Kieran Trippier,Burnley,Tottenham Hotspur,4.9million,"4,900,000",186345,,DF,6,5,459,72,70,64,6,1.09375,5
English League,2018-19,8/2/18,Cheikhou Kouyat_,West Ham,Crystal Palace,10.6million,"10,600,000",186801,,MF,31,21,"1,897",77,49,44,5,1.113636364,11
English Premier League,2016-17,6/2/16,Ilkay Gundogan,Bor. Dortmund,Manchester City,25.8million,"25,800,000",186942,,MF,10,9,704,82,78,66,12,1.181818182,4
La Liga,2016-17,7/17/16,Ganso,Santos,Sevilla,9.1million,"9,100,000",187688,,MF,10,5,487,78,72,52,20,1.384615385,7
La Liga,2015-16,7/10/15,Steven N'Zonzi,Stoke,Sevilla,9.7million,"9,700,000",187936,,MF,28,22,"1,848",74,52,76,-24,0.684210526,5
La Liga,2017-18,8/14/17,Paulinho,Guangzhou Evergrande,FC Barcelona,40million,"40,000,000",187961,,MF,34,21,"1,948",81,93,90,3,1.033333333,2
English Premier League,2017-18,7/14/17,Kyle Walker,Tottenham,Manchester City,51million,"51,000,000",188377,,DF,32,32,"2,785",81,100,78,22,1.282051282,3
English Premier League,2017-18,1/31/18,Pierre-Emerick Aubameyang,Borussia Dortmund,Arsenal,63.75million,"63,750,000",188567,,FW,13,12,"1,057",86,63,75,-12,0.84,5
La Liga,2016-17,7/10/16,Alfred N'Diaye,Real Betis,Villarreal,8million,"8,000,000",188879,,MF,7,1,121,75,67,64,3,1.046875,4
English Premier League,2016-17,6/24/16,Victor Wanyama,Southampton,Tottenham Hotspur,14.4million,"14,400,000",188942,,MF,36,35,"3,012",77,86,70,16,1.228571429,3
English Premier League,2016-17,8/15/16,Yannick Bolasie,Crystal Palace,Everton,30million,"30,000,000",189157,,"MF,FW",13,12,"1,023",76,61,47,14,1.29787234,11
La Liga,2015-16,7/28/15,Jonathas de Jesus,Elche,Real Sociedad,7million,"7,000,000",189169,,FW,27,17,"1,696",72,48,46,2,1.043478261,12
La Liga,2017-18,1/6/18,Philippe Coutinho,Liverpool,FC Barcelona,160million,"160,000,000",189242,,"FW,MF",18,16,"1,293",85,93,90,3,1.033333333,2
La Liga,2017-18,1/11/18,Francis Coquelin,Arsenal,Valencia,12million,"12,000,000",189271,,"MF,DF",9,7,657,81,73,46,27,1.586956522,12
English League,2015-16,7/24/15,Alex McCarthy,QPR,Crystal Palace,undisclosed,,189324,,GK,7,7,630,75,42,48,-6,0.875,10
English Premier League,2016-17,8/1/16,Alex McCarthy,Crystal Palace,Southampton,undisclosed,,189324,,GK,0,0,0,75,46,63,-17,0.73015873,6
English League,2015-16,8/20/15,Pedro Rodriguez,Barcelona,Chelsea,27million,"27,000,000",189505,,MF,29,24,"2,033",83,50,87,-37,0.574712644,1
English Premier League,2017-18,7/4/17,Vicente Iborra,Sevilla,Leicester City,15million,"15,000,000",189560,,MF,19,17,"1,410",82,47,44,3,1.068181818,12
La Liga,2018-19,1/7/19,Vicente Iborra,Leicester,Villarreal,9million,"9,000,000",189560,,"MF,FW",19,19,"1,667",82,44,61,-17,0.721311475,5
English League,2018-19,6/8/18,Vicente Guaita,Getafe,Crystal Palace,Free,,189690,,GK,20,20,"1,755",73,49,44,5,1.113636364,11
La Liga,2017-18,9/2/17,David Lomban,Granada,Eibar,Free,,189701,,DF,13,11,995,75,51,54,-3,0.944444444,10
English League,2015-16,9/6/15,Tom Cleverley,Manchester Utd,Everton,Free,,189725,,MF,22,17,"1,612",74,47,47,0,1,11
La Liga,2017-18,7/14/17,Jose Angel,FC Porto,Eibar,Free,,190143,,DF,30,28,"2,423",74,51,54,-3,0.944444444,10
English League,2015-16,7/1/15,Nathaniel Clyne,Southampton,Liverpool,17.6million,"17,600,000",190456,,DF,33,33,"2,970",75,60,62,-2,0.967741935,6
La Liga,2015-16,8/26/15,Asier Illarramendi,Real Madrid,Real Sociedad,17million,"17,000,000",190584,,MF,33,32,"2,843",79,48,46,2,1.043478261,12
English League,2015-16,8/3/15,Connor Wickham,Sunderland,Crystal Palace,12.8million,"12,800,000",191089,,FW,21,15,"1,320",72,42,48,-6,0.875,10
English Premier League,2017-18,7/31/17,Nemanja Matic,Chelsea,Manchester United,44.7million,"44,700,000",191202,,MF,36,35,"3,118",84,81,69,12,1.173913043,6
La Liga,2017-18,7/13/17,Sebastian Corchia,Lille,Sevilla,5million,"5,000,000",191210,,DF,12,9,820,77,58,72,-14,0.805555556,4
La Liga,2018-19,6/14/18,Nestor Araujo,Santos Laguna,Celta Vigo,undisclosed,,192041,,DF,32,30,"2,680",74,41,49,-8,0.836734694,13
La Liga,2018-19,8/8/18,Thibaut Courtois,Chelsea,Real Madrid,40million,"40,000,000",192119,,GK,27,27,"2,430",89,68,76,-8,0.894736842,3
English Premier League,2016-17,8/28/16,Shkodran Mustafi,Valencia,Arsenal,41million,"41,000,000",192227,,DF,26,26,"2,274",82,75,71,4,1.056338028,2
English League,2015-16,8/20/15,Nicolas Otamendi,Valencia,Manchester City,45million,"45,000,000",192366,,DF,30,30,"2,671",80,66,79,-13,0.835443038,2
La Liga,2017-18,7/2/17,Fabian Orellana,Celta Vigo,Valencia,3million,"3,000,000",192492,,"MF,FW",16,13,"1,136",81,73,46,27,1.586956522,12
English Premier League,2017-18,7/10/17,Romelu Lukaku,Everton,Manchester United,84.7million,"84,700,000",192505,,FW,34,33,"2,867",84,81,69,12,1.173913043,6
English League,2018-19,6/19/18,Bernd Leno,Bayer Leverkusen,Arsenal,22.5million,"22,500,000",192563,,GK,32,31,"2,835",85,70,63,7,1.111111111,6
La Liga,2015-16,6/20/15,Iago Aspas,Liverpool,Celta Vigo,5million,"5,000,000",192629,,"FW,MF",35,31,"2,644",76,60,51,9,1.176470588,8
English Premier League,2016-17,8/31/16,Marcos Alonso,Fiorentina,Chelsea,27million,"27,000,000",192638,,MF,31,30,"2,693",75,93,50,43,1.86,10
La Liga,2015-16,7/4/15,Sergio Escudero,Getafe,Sevilla,2.5million,"2,500,000",192679,,"DF,MF",15,13,"1,172",70,52,76,-24,0.684210526,5
English Premier League,2016-17,7/6/16,Henrikh Mkhitaryan,Bor. Dortmund,Manchester United,30million,"30,000,000",192883,,"FW,MF",24,15,"1,348",81,69,66,3,1.045454545,5
English Premier League,2017-18,1/22/18,Henrikh Mkhitaryan,Manchester United,Arsenal,undisclosed,,192883,,"FW,MF",11,9,794,85,63,75,-12,0.84,5
English League,2015-16,8/30/15,Kevin De Bruyne,Wolfsburg,Manchester City,76million,"76,000,000",192985,,MF,25,22,"2,002",81,66,79,-13,0.835443038,2
English Premier League,2017-18,1/5/18,Cenk Tosun,Besiktas,Everton,25million,"25,000,000",192991,,FW,14,12,986,78,49,61,-12,0.803278689,7
English Premier League,2017-18,7/5/17,Alexandre Lacazette,Olympique Lyon,Arsenal,60million,"60,000,000",193301,,FW,32,26,"2,202",85,63,75,-12,0.84,5
English League,2018-19,7/13/18,Xherdan Shaqiri,Stoke City,Liverpool,13.23million,"13,230,000",193348,,"FW,MF",24,11,"1,057",82,97,75,22,1.293333333,4
La Liga,2016-17,8/3/16,Roberto Soriano,Sampdoria,Villarreal,13.5million,"13,500,000",193361,,MF,33,31,"2,436",74,67,64,3,1.046875,4
La Liga,2015-16,7/1/15,Victor Ruiz,Valencia,Villarreal,2.7million,"2,700,000",193469,,DF,35,32,"2,992",77,64,60,4,1.066666667,6
English Premier League,2016-17,8/3/16,Idrissa Gueye,Aston Villa,Everton,8.5million,"8,500,000",193474,,MF,33,32,"2,681",75,61,47,14,1.29787234,11
La Liga,2015-16,6/13/15,Andre Gomes,Benfica,Valencia,15million,"15,000,000",194022,,MF,30,27,"2,371",72,44,77,-33,0.571428571,4
English League,2015-16,6/26/15,Shinji Okazaki,Mainz,Leicester City,10million,"10,000,000",194365,,"FW,MF",36,28,"2,054",77,81,41,40,1.975609756,14
La Liga,2017-18,7/7/17,Neto,Juventus,Valencia,7million,"7,000,000",194404,,GK,33,33,"2,970",80,73,46,27,1.586956522,12
La Liga,2016-17,8/2/16,Martin Montoya,Barcelona,Valencia,Free,,194644,,DF,29,26,"2,218",79,46,44,2,1.045454545,12
English Premier League,2016-17,7/1/16,Andros Townsend,Newcastle,Crystal Palace,15.5million,"15,500,000",194932,,MF,36,30,"2,519",75,41,42,-1,0.976190476,15
La Liga,2016-17,8/1/16,Willian Jose,Deportivo Maldonado,Real Sociedad,undisclosed,,195093,,FW,28,27,"2,052",71,64,48,16,1.333333333,9
English League,2015-16,1/16/16,Charlie Austin,QPR,Southampton,5.25million,"5,250,000",195671,,FW,7,2,211,74,63,60,3,1.05,7
English League,2015-16,6/9/15,Danny Ings,Burnley,Liverpool,Free,,195859,,FW,6,3,340,71,60,62,-2,0.967741935,6
English Premier League,2016-17,8/9/16,Paul Pogba,Juventus,Manchester United,105million,"105,000,000",195864,,MF,30,29,"2,608",86,69,66,3,1.045454545,5
La Liga,2015-16,6/24/15,Jackson Martinez,Porto,Atletico Madrid,35million,"35,000,000",196144,,FW,15,8,658,82,88,78,10,1.128205128,3
English Premier League,2016-17,6/2/16,Joel Matip,Schalke,Liverpool,Free,,197061,,DF,29,27,"2,457",80,76,60,16,1.266666667,8
English Premier League,2017-18,8/31/17,Serge Aurier,PSG,Tottenham Hotspur,25million,"25,000,000",197853,,DF,17,16,"1,429",83,77,86,-9,0.895348837,2
English League,2015-16,6/17/15,Juanmi,Malaga,Southampton,7million,"7,000,000",197891,,"FW,MF",12,0,173,68,63,60,3,1.05,7
La Liga,2016-17,6/10/16,Juanmi,Southampton,Real Sociedad,5million,"5,000,000",197891,,"FW,MF",35,19,"1,842",70,64,48,16,1.333333333,9
English League,2015-16,9/1/15,Papy Djilobodji,Nantes,Chelsea,5.5million,"5,500,000",197937,,DF,0,0,0,77,50,87,-37,0.574712644,1
La Liga,2016-17,6/30/16,Florian Lejeune,Manchester City,Eibar,1.5million,"1,500,000",197948,,DF,34,33,"2,971",73,54,43,11,1.255813953,14
La Liga,2015-16,8/30/15,Aymen Abdennour,Monaco,Valencia,30million,"30,000,000",198076,,DF,22,22,"1,851",79,44,77,-33,0.571428571,4
English Premier League,2016-17,1/31/17,Manolo Gabbiadini,Napoli,Southampton,17million,"17,000,000",198683,,FW,11,10,724,78,46,63,-17,0.73015873,6
English Premier League,2016-17,6/26/16,Nathan Redmond,Norwich,Southampton,13.5million,"13,500,000",198719,,"FW,MF",37,32,"2,899",74,46,63,-17,0.73015873,6
English Premier League,2017-18,8/31/17,Alex Oxlade-Chamberlain,Arsenal,Liverpool,38million,"38,000,000",198784,,"MF,FW",32,14,"1,493",79,75,76,-1,0.986842105,4
English Premier League,2016-17,7/3/16,Nampalys Mendy,Nice,Leicester City,15million,"15,000,000",198861,,MF,4,4,269,74,44,81,-37,0.543209877,1
La Liga,2016-17,6/11/16,Pablo Sarabia,Getafe,Sevilla,1million,"1,000,000",198950,,MF,34,22,"2,140",77,72,52,20,1.384615385,7
La Liga,2015-16,8/19/15,Cedric Bakambu,Bursaspor,Villarreal,7.5million,"7,500,000",198951,,FW,34,21,"1,864",69,64,60,4,1.066666667,6
La Liga,2015-16,7/21/15,Matthew Ryan,Club Brugge,Valencia,7million,"7,000,000",199005,,GK,8,8,720,73,44,77,-33,0.571428571,4
La Liga,2017-18,7/8/17,Luis Muriel,Sampdoria,Sevilla,20million,"20,000,000",199110,,FW,29,17,"1,610",76,58,72,-14,0.805555556,4
La Liga,2015-16,7/10/15,Antonio Luna,Aston Villa,Eibar,Free,,199157,,DF,15,12,"1,003",71,43,35,8,1.228571429,18
English Premier League,2017-18,1/5/18,Ross Barkley,Everton,Chelsea,16.8million,"16,800,000",199189,,MF,2,2,129,81,70,93,-23,0.752688172,1
La Liga,2015-16,6/10/15,Danilo,Porto,Real Madrid,31.5million,"31,500,000",199304,,DF,24,23,"2,040",77,90,92,-2,0.97826087,2
English Premier League,2017-18,7/23/17,Danilo,Real Madrid,Manchester City,30million,"30,000,000",199304,,DF,23,13,"1,349",80,100,78,22,1.282051282,3
English Premier League,2016-17,8/28/16,Lucas Perez,Dep. La Coruna,Arsenal,20million,"20,000,000",199354,,"MF,FW",11,2,272,78,75,71,4,1.056338028,2
English League,2015-16,7/16/15,Jordy Clasie,Feyenoord,Southampton,11.5million,"11,500,000",199422,,MF,22,20,"1,538",76,63,60,3,1.05,7
La Liga,2016-17,8/1/16,Wissam Ben Yedder,Toulouse,Sevilla,9million,"9,000,000",199451,,FW,31,20,"1,652",78,72,52,20,1.384615385,7
La Liga,2016-17,8/4/16,Alejandro Galvez,Werder Bremen,Eibar,1.5million,"1,500,000",199487,,DF,19,14,"1,334",76,54,43,11,1.255813953,14
English Premier League,2016-17,6/2/16,Granit Xhaka,Bor. Mgladbach,Arsenal,45million,"45,000,000",199503,,MF,32,28,"2,485",81,75,71,4,1.056338028,2
English Premier League,2016-17,7/1/16,Nolito,Celta,Manchester City,18million,"18,000,000",199561,,"MF,FW",19,9,778,82,78,66,12,1.181818182,4
La Liga,2017-18,7/16/17,Nolito,Manchester City,Sevilla,9million,"9,000,000",199561,,"FW,MF",30,17,"1,599",83,58,72,-14,0.805555556,4
English League,2015-16,8/12/15,Oriol Romeu,Chelsea,Southampton,7million,"7,000,000",199576,,MF,29,17,"1,612",72,63,60,3,1.05,7
La Liga,2018-19,7/25/18,Sergi Gomez,Celta Vigo,Sevilla,4.5million,"4,500,000",199577,,DF,32,31,"2,766",77,59,58,1,1.017241379,7
La Liga,2015-16,7/11/15,John Guidetti,Manchester City,Celta Vigo,Free,,199602,,FW,35,12,"1,254",72,60,51,9,1.176470588,8
English League,2015-16,9/1/15,Ramiro Funes Mori,River Plate,Everton,13.3million,"13,300,000",199667,,DF,28,24,"2,194",69,47,47,0,1,11
La Liga,2018-19,6/21/18,Ramiro Funes Mori,Everton,Villarreal,undisclosed,,199667,,"DF,MF",31,29,"2,627",77,44,61,-17,0.721311475,5
La Liga,2017-18,7/12/17,Vitolo,Sevilla,Atletico Madrid,36million,"36,000,000",199715,,"MF,FW",14,8,616,82,79,78,1,1.012820513,3
La Liga,2016-17,8/31/16,Anaitz Arbilla,Espanyol,Eibar,"750,000","750,000",199986,,DF,22,17,"1,574",73,54,43,11,1.255813953,14
La Liga,2016-17,8/25/16,Jasper Cillessen,Ajax,FC Barcelona,13million,"13,000,000",199987,,GK,1,1,90,82,90,91,-1,0.989010989,1
English League,2015-16,8/28/15,Heung-Min Son,Bayer Leverkusen,Tottenham Hotspur,30million,"30,000,000",200104,,MF,28,13,"1,107",76,70,64,6,1.09375,5
La Liga,2016-17,8/30/16,Paco Alcacer,Valencia,FC Barcelona,30million,"30,000,000",200454,,FW,20,6,866,80,90,91,-1,0.989010989,1
La Liga,2016-17,7/14/16,Lucas Digne,PSG,FC Barcelona,16.5million,"16,500,000",200458,,DF,17,14,"1,170",76,90,91,-1,0.989010989,1
English League,2018-19,8/1/18,Lucas Digne,Barcelona,Everton,22million,"22,000,000",200458,,DF,35,33,"2,965",79,54,49,5,1.102040816,8
English Premier League,2016-17,1/14/17,Jeffrey Schlupp,Leicester City,Crystal Palace,13.8million,"13,800,000",200759,,DF,15,11,998,69,41,42,-1,0.976190476,15
English Premier League,2017-18,1/31/18,Lucas Moura,PSG,Tottenham Hotspur,28.4million,"28,400,000",200949,,"FW,MF",6,2,210,82,77,86,-9,0.895348837,2
English League,2015-16,6/19/15,Cedric Soares,Sporting Lisbon,Southampton,5million,"5,000,000",201118,,"DF,MF",24,23,"1,965",76,63,60,3,1.05,7
La Liga,2016-17,6/22/16,Alvaro Morata,Juventus,Real Madrid,30million,"30,000,000",201153,,FW,26,14,"1,336",81,93,90,3,1.033333333,2
English Premier League,2017-18,7/21/17,Alvaro Morata,Real Madrid,Chelsea,65.5million,"65,500,000",201153,,FW,31,24,"2,061",82,70,93,-23,0.752688172,1
La Liga,2017-18,8/19/17,Gabriel Paulista,Arsenal,Valencia,11million,"11,000,000",201305,,DF,30,29,"2,586",79,73,46,27,1.586956522,12
La Liga,2016-17,8/31/16,Alvaro Vazquez,Getafe,Espanyol,undisclosed,,201403,,"MF,FW",10,2,339,74,56,43,13,1.302325581,13
La Liga,2018-19,5/24/18,Geoffrey Kondogbia,Inter Milan,Valencia,25million,"25,000,000",201455,,MF,19,14,"1,244",77,61,73,-12,0.835616438,4
La Liga,2016-17,8/27/16,David Lopez,Napoli,Espanyol,4.5million,"4,500,000",201505,,"DF,MF",36,36,"3,240",77,56,43,13,1.302325581,13
English Premier League,2016-17,7/8/16,Ahmed Musa,CSKA Moscow,Leicester City,18million,"18,000,000",201818,,"MF,FW",21,7,761,76,44,81,-37,0.543209877,1
La Liga,2016-17,8/8/16,Nicola Sansone,Sassuolo,Villarreal,13million,"13,000,000",201858,,FW,32,25,"2,104",75,67,64,3,1.046875,4
La Liga,2018-19,7/23/18,Cristiano Piccini,Sporting Lisbon,Valencia,undisclosed,,201939,,DF,23,21,"1,868",76,61,73,-12,0.835616438,4
English League,2015-16,6/24/15,Roberto Firmino,Hoffenheim,Liverpool,41million,"41,000,000",201942,,"FW,MF",31,24,"1,972",81,60,62,-2,0.967741935,6
English League,2018-19,7/15/18,Felipe Anderson,Lazio,West Ham United,34.2million,"34,200,000",201995,,"FW,MF",36,36,"3,053",81,52,42,10,1.238095238,13
La Liga,2017-18,8/11/17,Naldo,Krasnodar,Espanyol,2million,"2,000,000",202054,,DF,11,10,920,76,49,56,-7,0.875,8
English League,2018-19,6/26/18,Stuart Armstrong,Celtic,Southampton,7.16million,"7,160,000",202282,,"MF,FW",29,16,"1,432",75,39,36,3,1.083333333,17
English League,2015-16,6/25/15,Gerard Deulofeu,Barcelona,Everton,6million,"6,000,000",202477,,"MF,FW",26,16,"1,383",79,47,47,0,1,11
La Liga,2017-18,7/2/17,Gerard Deulofeu,Everton,FC Barcelona,12million,"12,000,000",202477,,"MF,FW",10,5,502,81,93,90,3,1.033333333,2
La Liga,2015-16,6/10/15,Aleix Vidal,Sevilla,FC Barcelona,20million,"20,000,000",202493,,DF,9,6,545,75,91,94,-3,0.968085106,1
La Liga,2018-19,8/4/18,Aleix Vidal,FC Barcelona,Sevilla,7.65million,"7,650,000",202493,,"DF,MF",11,5,526,76,59,58,1,1.017241379,7
La Liga,2015-16,7/31/15,David Juncˆ,Girona,Eibar,Free,,202501,,DF,31,25,"2,344",61,43,35,8,1.228571429,18
English League,2015-16,6/10/15,Memphis Depay,PSV,Manchester United,34million,"34,000,000",202556,,MF,29,16,"1,484",78,66,70,-4,0.942857143,4
English League,2015-16,7/14/15,Raheem Sterling,Liverpool,Manchester City,69.4million,"69,400,000",202652,,MF,31,23,"1,920",80,66,79,-13,0.835443038,2
La Liga,2017-18,7/2/17,Simone Zaza,Juventus,Valencia,16million,"16,000,000",202685,,FW,33,23,"2,074",80,73,46,27,1.586956522,12
English League,2018-19,7/13/18,Jannik Vestergaard,B. Monchengladbach,Southampton,20million,"20,000,000",202849,,DF,23,23,"2,030",79,39,36,3,1.083333333,17
La Liga,2016-17,8/31/16,Alvaro Gonzalez,Espanyol,Villarreal,4million,"4,000,000",202935,,DF,23,20,"1,889",76,67,64,3,1.046875,4
English Premier League,2017-18,7/1/17,Harry Maguire,Hull City,Leicester City,13.7million,"13,700,000",203263,,DF,38,38,"3,420",72,47,44,3,1.068181818,12
English League,2018-19,6/29/18,Mohamed Elyounoussi,Basel,Southampton,18million,"18,000,000",203362,,"MF,FW",16,8,790,78,39,36,3,1.083333333,17
English League,2015-16,9/1/15,Virgil van Dijk,Celtic,Southampton,13million,"13,000,000",203376,,DF,34,34,"3,060",75,63,60,3,1.05,7
English Premier League,2017-18,1/1/18,Virgil van Dijk,Southampton,Liverpool,78.8million,"78,800,000",203376,,DF,14,14,"1,260",79,75,76,-1,0.986842105,4
English Premier League,2017-18,7/1/17,Davy Klassen,Ajax,Everton,27million,"27,000,000",203483,,"MF,FW",7,3,251,80,49,61,-12,0.803278689,7
English Premier League,2016-17,8/9/16,John Stones,Everton,Manchester City,55.5million,"55,500,000",203574,,DF,27,23,"2,014",77,78,66,12,1.181818182,4
English Premier League,2016-17,6/2/16,Loris Karius,FC Koln,Liverpool,6.1million,"6,100,000",203775,,GK,10,10,900,78,76,60,16,1.266666667,8
La Liga,2016-17,7/6/16,Sime Vrsaljko,Sassuolo,Atletico Madrid,18million,"18,000,000",203890,,DF,15,11,958,75,78,88,-10,0.886363636,3
La Liga,2018-19,7/4/18,Tom‡s Vacl’k,FC Basel,Sevilla,undisclosed,,204120,,GK,33,33,"2,970",77,59,58,1,1.017241379,7
La Liga,2018-19,7/31/18,Santiago Arias,PSV Eindhoven,Atletico Madrid,9.9million,"9,900,000",204259,,DF,25,20,"1,771",77,76,79,-3,0.962025316,2
La Liga,2018-19,6/27/18,Roque Mesa,Swansea,Sevilla,Undisclosed,,204277,,MF,31,20,"1,741",82,59,58,1,1.017241379,7
English League,2018-19,7/10/18,Riyad Mahrez,Leicester City,Manchester City,68million,"68,000,000",204485,,"FW,MF",27,14,"1,339",83,98,100,-2,0.98,1
English League,2015-16,7/7/15,Cuco Martina,Twente,Southampton,undisclosed,,204519,,DF,15,11,"1,085",69,63,60,3,1.05,7
La Liga,2017-18,1/30/18,Inigo Martinez,Real Sociedad,Athletic Bilbao,32million,"32,000,000",204525,,DF,16,16,"1,440",81,43,63,-20,0.682539683,7
English Premier League,2016-17,7/3/16,Michy Batshuayi,Marseille,Chelsea,40million,"40,000,000",204529,,FW,20,1,254,78,93,50,43,1.86,10
La Liga,2015-16,7/21/15,Stefan Savic,Fiorentina,Atletico Madrid,9million,"9,000,000",204639,,DF,12,10,928,78,88,78,10,1.128205128,3
English Premier League,2017-18,7/24/17,Benjamin Mendy,AS Monaco,Manchester City,50million,"50,000,000",204884,,DF,7,4,363,75,100,78,22,1.282051282,3
English Premier League,2017-18,7/1/17,Jordan Pickford,Sunderland,Everton,28.5million,"28,500,000",204935,,GK,38,38,"3,420",73,49,61,-12,0.803278689,7
English Premier League,2017-18,8/23/17,Paulo Gazzaniga,Southampton,Tottenham Hotspur,undisclosed,,205186,,GK,1,1,90,68,77,86,-9,0.895348837,2
La Liga,2016-17,7/1/16,Denis Suarez,Villarreal,FC Barcelona,3.5million,"3,500,000",205192,,MF,26,12,"1,197",79,90,91,-1,0.989010989,1
La Liga,2018-19,6/14/18,Okay Yokuslu,Trabzonspor,Celta Vigo,5.4million,"5,400,000",205201,,MF,30,26,"2,203",75,41,49,-8,0.836734694,13
English Premier League,2017-18,7/9/17,Antonio Rudiger,AS Roma,Chelsea,35million,"35,000,000",205452,,DF,27,25,"2,338",77,70,93,-23,0.752688172,1
English League,2018-19,7/14/18,Jorginho,Napoli,Chelsea,51.3million,"51,300,000",205498,,MF,37,37,"3,165",81,72,70,2,1.028571429,5
La Liga,2016-17,7/6/16,Alvaro Lemos,Lugo,Celta Vigo,undisclosed,,205551,,"DF,MF",5,5,436,57,45,60,-15,0.75,6
English Premier League,2016-17,6/21/16,Luis Hernandez,Sporting Gijon,Leicester City,Free,,205590,,DF,4,3,327,74,44,81,-37,0.543209877,1
La Liga,2016-17,7/1/16,Samuel Umtiti,Lyon,FC Barcelona,25million,"25,000,000",205600,,DF,25,24,"2,131",79,90,91,-1,0.989010989,1
La Liga,2016-17,7/10/16,Leo Baptistao,Atletico Madrid,Espanyol,6million,"6,000,000",205976,,"FW,MF",21,16,"1,433",78,56,43,13,1.302325581,13
La Liga,2016-17,6/16/16,Denis Cheryshev,Real Madrid,Villarreal,8million,"8,000,000",206225,,MF,11,2,346,78,67,64,3,1.046875,4
English Premier League,2016-17,1/31/17,Luka Milivojevic,Olympiacos,Crystal Palace,12.8million,"12,800,000",206304,,MF,14,14,"1,224",73,41,42,-1,0.976190476,15
English League,2018-19,8/8/18,Kepa,Athletic Bilbao,Chelsea,80million,"80,000,000",206585,,GK,36,36,"3,240",80,72,70,2,1.028571429,5
La Liga,2015-16,8/18/15,Mateo Kovacic,Inter Milan,Real Madrid,30million,"30,000,000",207410,,MF,25,8,"1,043",75,90,92,-2,0.97826087,2
La Liga,2015-16,7/7/15,Luciano Vietto,Villarreal,Atletico Madrid,20million,"20,000,000",207441,,FW,19,12,957,73,88,78,10,1.128205128,3
La Liga,2016-17,7/17/16,Franco Vazquez,Palermo,Sevilla,15million,"15,000,000",207471,,MF,30,26,"2,068",79,72,52,20,1.384615385,7
English Premier League,2017-18,7/4/17,Michael Kane,Burnley,Everton,28.5million,"28,500,000",207599,,DF,30,29,"2,560",75,49,61,-12,0.803278689,7
La Liga,2018-19,8/17/18,Carlos Bacca,AC Milan,Villarreal,Undisclosed,,207664,,FW,33,12,"1,259",82,44,61,-17,0.721311475,5
La Liga,2017-18,7/8/17,Guido Pizarro,Tigres,Sevilla,6million,"6,000,000",207939,,MF,24,19,"1,755",77,58,72,-14,0.805555556,4
English Premier League,2017-18,7/1/17,Sead Kolasinac,Schalke,Arsenal,Free,,207993,,"DF,MF",27,25,"2,147",75,63,75,-12,0.84,5
English League,2018-19,7/20/18,Danny Ward,Liverpool,Leicester City,12.6million,"12,600,000",207998,,GK,0,0,0,70,52,47,5,1.106382979,9
La Liga,2015-16,8/14/15,Gerard Moreno,Villarreal,Espanyol,1.5million,"1,500,000",208093,,"FW,MF",32,19,"1,914",67,43,49,-6,0.87755102,10
La Liga,2018-19,6/12/18,Gerard Moreno,Espanyol,Villarreal,18million,"18,000,000",208093,,FW,35,25,"2,315",79,44,61,-17,0.721311475,5
La Liga,2017-18,7/12/17,Adnan Januzaj,Manchester United,Real Sociedad,8.5million,"8,500,000",208330,,"FW,MF",28,18,"1,566",76,49,64,-15,0.765625,6
English League,2015-16,2/1/16,Oumar Niasse,Lokomotiv Moscow,Everton,18million,"18,000,000",208339,,"MF,FW",5,2,143,75,47,47,0,1,11
La Liga,2015-16,7/11/15,Yannick Ferreira-Carrasco,Monaco,Atletico Madrid,15million,"15,000,000",208418,,"MF,FW",29,16,"1,494",73,88,78,10,1.128205128,3
La Liga,2018-19,1/31/19,Ruben Sobrino,Deportivo Alaves,Valencia,6million,"6,000,000",208622,,"FW,MF",4,2,192,70,61,73,-12,0.835616438,4
English Premier League,2016-17,6/27/16,Sadio Mane,Southampton,Liverpool,41million,"41,000,000",208722,,FW,27,26,"2,235",78,76,60,16,1.266666667,8
La Liga,2015-16,7/6/15,Zakaria Bakkali,PSV,Valencia,Free,,208790,,"MF,FW",16,4,574,71,44,77,-33,0.571428571,4
La Liga,2018-19,8/31/18,Quincy Promes,Spartak Moscow,Sevilla,18million,"18,000,000",208808,,"DF,MF",33,15,"1,569",82,59,58,1,1.017241379,7
English League,2018-19,6/5/18,Fred,Shakhtar Donetsk,Manchester United,53.1million,"53,100,000",209297,,MF,17,13,"1,044",80,66,81,-15,0.814814815,2
English Premier League,2017-18,7/1/17,Mohamed Salah,Roma,Liverpool,42million,"42,000,000",209331,,"FW,MF",36,34,"2,907",81,75,76,-1,0.986842105,4
English League,2018-19,5/29/18,Fabinho,AS Monaco,Liverpool,45million,"45,000,000",209499,,MF,28,21,"2,013",83,97,75,22,1.293333333,4
English League,2015-16,8/16/15,Baba Rahman,Augsburg,Chelsea,26.8million,"26,800,000",209620,,DF,15,11,"1,018",68,50,87,-37,0.574712644,1
English League,2015-16,6/9/15,Kevin Wimmer,FC Koln,Tottenham Hotspur,5.8million,"5,800,000",209997,,DF,10,9,812,71,70,64,6,1.09375,5
La Liga,2016-17,6/13/16,Hiroshi Kiyotake,Hannover,Sevilla,6.5 million,"6,500,000",210126,,"MF,FW",4,3,284,76,72,52,20,1.384615385,7
La Liga,2017-18,7/5/17,Jozabed Sanchez,Fulham,Celta Vigo,3.5million,"3,500,000",210214,,MF,24,18,"1,465",78,49,45,4,1.088888889,13
English League,2018-19,5/17/18,Ricardo Pereira,FC Porto,Leicester City,22million,"22,000,000",210243,,"DF,FW",35,35,"3,125",80,52,47,5,1.106382979,9
English Premier League,2017-18,7/1/17,Ederson,Benfica,Manchester City,40million,"40,000,000",210257,,GK,36,36,"3,194",78,100,78,22,1.282051282,3
English League,2018-19,8/5/18,Rachid Ghezzal,AS Monaco,Leicester City,10.12million,"10,120,000",210372,,"FW,MF",19,8,735,76,52,47,5,1.106382979,9
La Liga,2015-16,6/10/15,Joao Cancelo,Benfica,Valencia,15million,"15,000,000",210514,,"DF,FW",28,25,"2,117",70,44,77,-33,0.571428571,4
La Liga,2017-18,7/17/17,Paulo Oliveira,Sporting CP,Eibar,3.5million,"3,500,000",210679,,DF,26,25,"2,212",78,51,54,-3,0.944444444,10
English Premier League,2017-18,1/30/18,Emerson,AS Roma,Chelsea,20million,"20,000,000",210736,,"DF,MF",5,3,280,69,70,93,-23,0.752688172,1
La Liga,2015-16,7/22/15,Mauro Dos Santos,Almeria,Eibar,Free,,210787,,DF,31,30,"2,682",70,43,35,8,1.228571429,18
La Liga,2018-19,8/30/18,Pablo de Blasis,Mainz 05,Eibar,1.8million,"1,800,000",210950,,"DF,MF",24,16,"1,515",77,47,51,-4,0.921568627,9
La Liga,2018-19,1/31/19,Kenan Kodro,FC Copenhagen,Athletic Bilbao,"875,000","875,000",211068,,"FW,MF",11,0,151,71,53,43,10,1.23255814,16
English League,2015-16,9/1/15,Anthony Martial,Monaco,Manchester United,49million,"49,000,000",211300,,"MF,FW",31,29,"2,632",69,66,70,-4,0.942857143,4
English Premier League,2016-17,8/29/16,Sofiane Boufal,Lille,Southampton,20million,"20,000,000",211381,,"FW,MF",24,12,"1,104",78,46,63,-17,0.73015873,6
La Liga,2018-19,6/30/18,Ibrahim Amadou,Lille,Sevilla,undisclosed,,211382,,"MF,DF",17,7,755,75,59,58,1,1.017241379,7
English League,2015-16,1/14/16,Mohamed Elneny,Basel,Arsenal,6.6million,"6,600,000",211454,,MF,11,9,792,63,71,75,-4,0.946666667,3
La Liga,2016-17,7/23/16,Andre Gomes,Valencia,FC Barcelona,50million,"50,000,000",211575,,MF,30,17,"1,573",80,90,91,-1,0.989010989,1
English League,2018-19,8/2/18,Max Meyer,Schalke 04,Crystal Palace,Free,,212150,,"MF,FW",29,15,"1,413",79,49,44,5,1.113636364,11
La Liga,2016-17,8/1/16,Pione Sisto,Midtjylland,Celta Vigo,undisclosed,,212196,,"MF,FW",30,19,"1,659",73,45,60,-15,0.75,6
English Premier League,2017-18,1/29/18,Aymeric Laporte,Athletic Bilbao,Manchester City,65million,"65,000,000",212218,,DF,9,9,806,84,100,78,22,1.282051282,3
English League,2015-16,8/15/15,Clinton N'Jie,Lyon,Tottenham Hotspur,14million,"14,000,000",212273,,FW,8,0,192,61,70,64,6,1.09375,5
La Liga,2016-17,7/12/16,Alvaro Medran,Real Madrid,Valencia,1.5million,"1,500,000",212476,,MF,16,10,950,72,46,44,2,1.045454545,12
La Liga,2017-18,7/2/17,Diego Llorente,Real Madrid,Real Sociedad,6million,"6,000,000",212602,,DF,27,26,"2,324",78,49,64,-15,0.765625,6
La Liga,2015-16,7/4/15,Santi Mina,Celta,Valencia,undisclosed,,212623,,"FW,MF",26,18,"1,572",68,44,77,-33,0.571428571,4
La Liga,2015-16,1/26/16,Oscar Duarte,Club Brugge,Espanyol,1.5million,"1,500,000",212772,,"DF,MF",13,12,"1,103",71,43,49,-6,0.87755102,10
English Premier League,2017-18,8/8/17,Mario Lemina,Juventus,Southampton,17million,"17,000,000",212811,,MF,25,20,"1,720",77,36,46,-10,0.782608696,8
English League,2018-19,7/19/18,Alisson,AS Roma,Liverpool,75million,"75,000,000",212831,,GK,38,38,"3,420",80,97,75,22,1.293333333,4
English League,2015-16,1/22/16,Daniel Amartey,Copenhagen,Leicester City,6.6million,"6,600,000",212883,,DF,5,1,104,67,81,41,40,1.975609756,14
La Liga,2015-16,8/28/15,Aderlan Santos,Sporting Braga,Valencia,9.5million,"9,500,000",213374,,DF,17,17,"1,520",74,44,77,-33,0.571428571,4
La Liga,2018-19,6/12/18,Thomas Lemar,AS Monaco,Atletico Madrid,58.5million,"58,500,000",213565,,"MF,FW",31,22,"1,828",83,76,79,-3,0.962025316,2
English Premier League,2016-17,7/12/16,Pierre-Emile Hojbjerg,Bayern Munich,Southampton,15million,"15,000,000",213648,,MF,22,14,"1,301",73,46,63,-17,0.73015873,6
La Liga,2015-16,8/29/15,Matias Kranevitter,River Plate,Atletico Madrid,8million,"8,000,000",214977,,MF,8,3,336,71,88,78,10,1.128205128,3
La Liga,2016-17,8/9/16,Geronimo Rulli,Manchester City,Real Sociedad,7million,"7,000,000",215316,,GK,38,38,"3,420",79,64,48,16,1.333333333,9
La Liga,2016-17,7/12/16,Joaquin Correa,Sampdoria,Sevilla,13million,"13,000,000",215330,,"MF,FW",26,15,"1,318",71,72,52,20,1.384615385,7
English Premier League,2017-18,1/25/18,Guido Carrillo,Monaco,Southampton,22million,"22,000,000",215334,,FW,7,5,450,72,36,46,-10,0.782608696,8
English League,2015-16,1/30/16,Matt Miazga,NY Red Bulls,Chelsea,4.6million,"4,600,000",215565,,DF,2,2,135,60,50,87,-37,0.574712644,1
English League,2015-16,7/31/15,NÍGolo Kante,Caen,Leicester City,8million,"8,000,000",215914,,MF,37,33,"3,022",72,81,41,40,1.975609756,14
English Premier League,2016-17,7/16/16,N'Golo Kante,Leicester,Chelsea,36million,"36,000,000",215914,,MF,35,35,"3,138",76,93,50,43,1.86,10
English Premier League,2016-17,8/3/16,Bartosz Kapustka,Cracovia,Leicester City,9million,"9,000,000",216003,,MF,0,0,0,69,44,81,-37,0.543209877,1
English Premier League,2017-18,8/31/17,Davide Zappacosta,Torino,Chelsea,28million,"28,000,000",216150,,"DF,MF",22,12,"1,098",77,70,93,-23,0.752688172,1
English Premier League,2017-18,7/21/17,Andrew Robertson,Hull City,Liverpool,9million,"9,000,000",216267,,DF,22,22,"1,940",75,75,76,-1,0.986842105,4
English League,2018-19,7/10/18,Angus Gunn,Manchester City,Southampton,10.17million,"10,170,000",216325,,GK,12,12,"1,080",68,39,36,3,1.083333333,17
La Liga,2017-18,7/15/17,Stanislav Lobotka,Nordsjaelland,Celta Vigo,undisclosed,,216435,,MF,38,34,"3,062",65,49,45,4,1.088888889,13
English Premier League,2017-18,8/22/17,Wesley Hoedt,Lazio,Southampton,17million,"17,000,000",216774,,DF,28,28,"2,520",76,36,46,-10,0.782608696,8
La Liga,2017-18,7/2/17,Ruben Semedo,Sporting CP,Villarreal,14million,"14,000,000",216778,,"DF,MF",4,3,229,79,61,67,-6,0.910447761,5
English Premier League,2016-17,8/31/16,Islam Slimani,Sporting CP,Leicester City,34million,"34,000,000",217699,,FW,23,13,"1,281",78,44,81,-37,0.543209877,1
English Premier League,2017-18,7/4/17,Sandro Ramirez,Malaga,Everton,6million,"6,000,000",217731,,"FW,MF",8,3,278,74,49,61,-12,0.803278689,7
La Liga,2016-17,1/31/17,Andrew Hjulsager,Brondby,Celta Vigo,1million,"1,000,000",217845,,MF,7,3,262,64,45,60,-15,0.75,6
English Premier League,2017-18,7/1/17,Bernardo Silva,AS Monaco,Manchester City,50million,"50,000,000",218667,,"FW,MF",35,15,"1,533",81,100,78,22,1.282051282,3
English Premier League,2016-17,8/31/16,Georges-Kevin N'Koudou,Marseille,Tottenham Hotspur,11million,"11,000,000",219732,,MF,8,0,54,70,86,70,16,1.228571429,3
English Premier League,2017-18,7/15/17,Tiemoue Bakayoko,AS Monaco,Chelsea,40million,"40,000,000",219809,,MF,29,24,"2,126",74,70,93,-23,0.752688172,1
La Liga,2018-19,1/11/19,Munir El Haddadi,FC Barcelona,Sevilla,"945,000","945,000",220253,,"FW,MF",16,12,"1,044",75,59,58,1,1.017241379,7
La Liga,2016-17,1/5/17,Clement Lenglet,Nancy,Sevilla,5million,"5,000,000",220440,,DF,17,15,"1,360",67,72,52,20,1.384615385,7
La Liga,2018-19,7/12/18,Clement Lenglet,Sevilla,FC Barcelona,36million,"36,000,000",220440,,DF,23,22,"1,934",79,87,93,-6,0.935483871,1
English League,2018-19,8/9/18,Yerry Mina,FC Barcelona,Everton,32million,"32,000,000",220523,,DF,13,10,890,80,54,49,5,1.102040816,8
English Premier League,2017-18,7/1/17,Jan Bednarek,Lech Poznan,Southampton,6million,"6,000,000",220570,,DF,5,5,426,68,36,46,-10,0.782608696,8
English League,2015-16,1/5/16,Demarai Gray,Birmingham,Leicester City,5million,"5,000,000",220633,,MF,12,1,187,63,81,41,40,1.975609756,14
English League,2018-19,6/20/18,James Maddison,Norwich City,Leicester City,22.5million,"22,500,000",220697,,"MF,FW",36,35,"2,848",69,52,47,5,1.106382979,9
English Premier League,2017-18,8/18/17,Davinson Sanchez,Ajax,Tottenham Hotspur,46million,"46,000,000",220793,,DF,31,29,"2,534",71,77,86,-9,0.895348837,2
English Premier League,2017-18,1/31/18,Jordan Hugill,Preston North End,West Ham United,undisclosed,,220862,,FW,3,0,25,65,42,45,-3,0.933333333,11
English Premier League,2017-18,8/8/17,George Thomas,Coventry City,Leicester City,Free,,220894,,"FW,MF",0,0,0,56,47,44,3,1.068181818,12
English Premier League,2017-18,7/24/17,Jairo Riedewald,Ajax,Crystal Palace,9million,"9,000,000",221269,,"MF,DF",12,4,442,76,44,41,3,1.073170732,14
La Liga,2018-19,1/28/19,Wu Lei,Shanghai SIPG,Espanyol,Undisclosed,,221445,,"FW,MF",16,12,"1,065",73,53,49,4,1.081632653,11
La Liga,2016-17,8/29/16,Nano,Tenerife,Eibar,3.2million,"3,200,000",221452,,FW,6,1,163,62,54,43,11,1.255813953,14
English Premier League,2016-17,8/31/16,Dominic Calvert-Lewin,Sheffield Utd,Everton,undisclosed,,221479,,"MF,FW",11,5,347,52,61,47,14,1.29787234,11
La Liga,2018-19,8/29/18,Mariano Diaz,Olympique Lyon,Real Madrid,19.4million,"19,400,000",221639,,FW,13,3,439,76,68,76,-8,0.894736842,3
English Premier League,2017-18,7/1/17,Victor Lindelof,Benfica,Manchester United,35million,"35,000,000",221660,,DF,17,13,"1,285",78,81,69,12,1.173913043,6
English League,2015-16,7/19/15,Patrick Roberts,Fulham,Manchester City,7.2million,"7,200,000",221982,,"FW,MF",1,0,5,67,66,79,-13,0.835443038,2
English Premier League,2016-17,8/2/16,Leroy Sane,Schalke,Manchester City,45million,"45,000,000",222492,,"MF,FW",26,20,"1,781",70,78,66,12,1.181818182,4
La Liga,2017-18,7/14/17,Dani Ceballos,Real Betis,Real Madrid,17million,"17,000,000",222509,,"MF,FW",12,4,404,77,76,93,-17,0.817204301,1
La Liga,2018-19,7/24/18,Malcom,Bordeaux,FC Barcelona,41million,"41,000,000",222737,,"FW,DF",15,6,608,80,87,93,-6,0.935483871,1
La Liga,2017-18,7/2/17,Enes Unal,Manchester City,Villarreal,14million,"14,000,000",223197,,FW,23,11,"1,134",70,61,67,-6,0.910447761,5
English Premier League,2017-18,1/23/18,Jaroslaw Jach,Zaglebie Lubin,Crystal Palace,3million,"3,000,000",223306,,DF,0,0,0,63,44,41,3,1.073170732,14
English League,2018-19,7/10/18,Lucas Torreira,Sampdoria,Arsenal,27million,"27,000,000",223959,,MF,34,24,"2,379",75,70,63,7,1.111111111,6
La Liga,2018-19,6/11/18,Karl Toko Ekambi,Angers,Villarreal,18million,"18,000,000",224069,,FW,34,24,"2,148",76,44,61,-17,0.721311475,5
La Liga,2018-19,7/9/18,Borja Iglesias,Celta Vigo,Espanyol,9million,"9,000,000",224179,,FW,37,35,"3,083",70,53,49,4,1.081632653,11
La Liga,2017-18,7/13/17,Joan Jordan,Espanyol,Eibar,undisclosed,,224309,,MF,35,25,"2,435",69,51,54,-3,0.944444444,10
La Liga,2018-19,8/28/18,Goncalo Guedes,Paris SG,Valencia,36million,"36,000,000",224411,,"MF,FW",25,18,"1,469",74,61,73,-12,0.835616438,4
La Liga,2016-17,1/28/17,Walter Montoya,Rosario,Sevilla,5.5million,"5,500,000",224461,,FW,4,1,114,60,72,52,20,1.384615385,7
English League,2015-16,8/13/15,Mason Holgate,Barnsley,Everton,undisclosed,,225024,,DF,0,0,0,47,47,47,0,1,11
English League,2015-16,6/20/15,Joe Gomez,Charlton,Liverpool,4.9million,"4,900,000",225100,,"DF,MF",5,5,437,55,60,62,-2,0.967741935,6
La Liga,2018-19,7/12/18,Mikel Merino,Newcastle,Real Sociedad,Undisclosed,,225193,,MF,29,24,"2,059",74,50,49,1,1.020408163,12
English Premier League,2016-17,6/8/16,Eric Bailly,Villarreal,Manchester United,38.3million,"38,300,000",225508,,DF,25,24,"2,058",73,69,66,3,1.045454545,5
English Premier League,2017-18,7/1/17,Dominic Solanke,Chelsea,Liverpool,Free,,225539,,FW,21,5,596,69,75,76,-1,0.986842105,4
English Premier League,2017-18,8/3/17,Kelechi Iheanacho,Manchester City,Leicester City,27.7million,"27,700,000",225719,,"FW,MF",21,7,830,74,47,44,3,1.068181818,12
La Liga,2017-18,7/24/17,Pablo Fornals,Malaga,Villarreal,12million,"12,000,000",226456,,"MF,FW",35,30,"2,615",76,61,67,-6,0.910447761,5
English Premier League,2016-17,7/14/16,Vincent Janssen,AZ Alkmaar,Tottenham Hotspur,20.5million,"20,500,000",226537,,FW,27,7,845,69,86,70,16,1.228571429,3
English Premier League,2016-17,1/5/17,Wilfred Ndidi,Genk,Leicester City,17.5million,"17,500,000",226790,,MF,17,17,"1,521",69,44,81,-37,0.543209877,1
La Liga,2018-19,7/25/18,Gelson Martins,Sporting Lisbon,Atletico Madrid,Free,,227055,,FW,8,1,223,81,76,79,-3,0.962025316,2
La Liga,2017-18,7/2/17,Marko Dmitrovic,Alcoron,Eibar,1million,"1,000,000",227290,,GK,36,36,"3,240",72,51,54,-3,0.944444444,10
La Liga,2017-18,7/13/17,Nelson Semedo,Benfica,FC Barcelona,30million,"30,000,000",227928,,DF,24,17,"1,500",76,93,90,3,1.033333333,2
English Premier League,2016-17,7/22/16,Rob Holding,Bolton,Arsenal,2.4million,"2,400,000",228295,,DF,9,9,810,64,75,71,4,1.056338028,2
La Liga,2018-19,8/8/18,Mathias Jensen,Nordsjaelland,Celta Vigo,4.5million,"4,500,000",229723,,"MF,FW",6,3,235,65,41,49,-8,0.836734694,13
La Liga,2018-19,6/29/18,Mouctar Diakhaby,Lyon,Valencia,15million,"15,000,000",230578,,DF,22,16,"1,574",74,61,73,-12,0.835616438,4
English Premier League,2016-17,1/5/17,Ademola Lookman,Charlton,Everton,8.75million,"8,750,000",230899,,FW,8,3,289,59,61,47,14,1.29787234,11
La Liga,2017-18,8/29/17,Emre Mor,Bor. Dortmund,Celta Vigo,13million,"13,000,000",231240,,"FW,MF",23,4,679,64,49,45,4,1.088888889,13
La Liga,2018-19,7/26/18,Joris Gnagnon,Rennes,Sevilla,15million,"15,000,000",231361,,"DF,MF",7,4,445,76,59,58,1,1.017241379,7
La Liga,2018-19,1/7/19,Brahim Diaz,Man City,Real Madrid,24.5million,"24,500,000",231410,,FW,9,5,377,66,68,76,-8,0.894736842,3
La Liga,2017-18,8/25/17,Ousmane Dembele,Bor. Dortmund,FC Barcelona,105million,"105,000,000",231443,,"FW,MF",17,12,918,77,93,90,3,1.033333333,2
English League,2018-19,6/19/18,Issa Diop,Toulouse,West Ham United,22.5million,"22,500,000",231633,,DF,33,33,"2,970",76,52,42,10,1.238095238,13
La Liga,2018-19,1/11/19,Maximilian Wšber,Ajax,Sevilla,9.45million,"9,450,000",231838,,DF,7,6,536,67,59,58,1,1.017241379,7
La Liga,2018-19,5/24/18,Rodri,Villarreal,Atletico Madrid,20million,"20,000,000",231866,,MF,34,32,"2,742",70,76,79,-3,0.962025316,2
English League,2018-19,7/24/18,Richarlison,Watford,Everton,40.5million,"40,500,000",231943,,"FW,MF",35,32,"2,678",73,54,49,5,1.102040816,8
English League,2018-19,8/9/18,Caglar Soyuncu,Freiburg,Leicester City,undisclosed,,232119,,DF,6,4,371,74,52,47,5,1.106382979,9
La Liga,2017-18,7/5/17,Theo Hernandez,Atletico Madrid,Real Madrid,30million,"30,000,000",232656,,DF,13,10,962,66,76,93,-17,0.817204301,1
La Liga,2018-19,7/5/18,Alvaro Odriozola,Real Sociedad,Real Madrid,36million,"36,000,000",234035,,DF,14,14,"1,179",74,68,76,-8,0.894736842,3
English League,2018-19,6/6/18,Diogo Dalot,Porto,Manchester United,19million,"19,000,000",234574,,"DF,MF",16,12,"1,014",68,66,81,-15,0.814814815,2
English League,2018-19,8/1/18,Philippe Sandler,PEC Zwolle,Manchester City,2.9million,"2,900,000",234679,,DF,0,0,0,64,98,100,-2,0.98,1
La Liga,2018-19,8/1/18,Fran Beltran,Rayo Vallecano,Celta Vigo,7.2million,"7,200,000",235997,,MF,30,16,"1,510",69,41,49,-8,0.836734694,13
English League,2018-19,7/11/18,Matteo Guendouzi,Lorient,Arsenal,9million,"9,000,000",236496,,MF,33,23,"2,142",62,70,63,7,1.111111111,6
La Liga,2018-19,7/16/18,Santiago Caseres,Velez Sarsfield,Villarreal,9million,"9,000,000",236527,,MF,23,17,"1,589",53,44,61,-17,0.721311475,5
La Liga,2018-19,8/6/18,Moussa Wague,KAS Eupen,FC Barcelona,Undisclosed,,237156,,DF,3,2,225,64,87,93,-6,0.935483871,1
English Premier League,2017-18,8/30/17,Juan Foyth,Estudiantes,Tottenham Hotspur,8.8million,"8,800,000",237221,,DF,0,0,0,61,77,86,-9,0.895348837,2
La Liga,2018-19,5/28/18,Cristian Ganea,FC Viitorul,Athletic Bilbao,1million,"1,000,000",239116,,MF,1,1,50,66,53,43,10,1.23255814,16
La Liga,2015-16,8/10/15,Dejan Drazic,OFK Beograd,Celta Vigo,1million,"1,000,000",,1,MF,6,1,111,70,60,51,9,1.176470588,8
English League,2015-16,8/23/15,Kenedy,Fluminense,Chelsea,undisclosed,,,1,"DF,MF",14,4,556,72,50,87,-37,0.574712644,1
English Premier League,2016-17,8/3/16,Gabriel Jesus,Palmeiras,Manchester City,32million,"32,000,000",,1,"MF,FW",10,8,650,79,78,66,12,1.181818182,4
English Premier League,2017-18,1/4/18,Konstantinos Mavropanos,PAS Gianina,Arsenal,undisclosed,,,1,DF,3,3,195,65,63,75,-12,0.84,5
English Premier League,2017-18,8/31/17,Nikola Vlasic,Hajduk Split,Everton,8.6million,"8,600,000",,1,"MF,FW",12,7,576,68,49,61,-12,0.803278689,7
English Premier League,2017-18,1/31/18,Alexander Sorloth,FC Midtjylland,Crystal Palace,undisclosed,,,1,FW,4,4,360,71,44,41,3,1.073170732,14
La Liga,2017-18,7/2/17,Nemanja Maksimovic,FC Astana,Valencia,Free,,,1,"MF,FW",14,6,560,73,73,46,27,1.586956522,12
La Liga,2017-18,7/2/17,Sergio Garcia,Al-Rayyan,Espanyol,Free,,,1,"FW,MF",33,14,"1,647",77,49,56,-7,0.875,8
La Liga,2017-18,1/10/18,Yerry Mina,Palmeiras,FC Barcelona,11.8million,"11,800,000",,1,DF,5,4,372,80,93,90,3,1.033333333,2
La Liga,2018-19,1/31/19,Jean-Clair Todibo,Toulouse,FC Barcelona,undisclosed,,,1,DF,2,2,158,67,87,93,-6,0.935483871,1
English League,2018-19,7/14/18,Fabian Balbuena,Corinthians,West Ham United,3.6million,"3,600,000",,1,DF,23,23,"2,014",80,52,42,10,1.238095238,13
La Liga,2018-19,7/9/18,Arthur,Gremio,FC Barcelona,27.9million,"27,900,000",,1,MF,27,19,"1,439",83,87,93,-6,0.935483871,1